{"_created": "Fri, 18 Dec 2015 13:21:00 GMT", "_deleted": false, "_etag": "46c7cc3b085b1d66af2b02a3272aea5409229763", "_id": "5674083cc379cf0007b31c02", "_updated": "Mon, 15 Jul 2019 15:28:12 GMT", "backend": "gcs", "content_type": "image/png", "file_path": "391f63ae46fdc5a65dfa1765e4912e9af6f8cd30.png", "filename": "fabric_leather_bright02_col_tileable.png", "length": 12554567, "link": "https://storage.googleapis.com/5672beecc0261b2005ed1a33/_%2F391f63ae46fdc5a65dfa1765e4912e9af6f8cd30.png?GoogleAccessId=956532172770-27ie9eb8e4u326l89p7b113gcb04cdgd%40developer.gserviceaccount.com&Expires=1563290892&Signature=lsaGB4CDL5P6HANiw6A6ln8QmIj0hqcXuMtel%2BQ4F4RJJEnw8shSaFnN1ZfHaPVbdhyCI36EdvIYYa9IuLbNmAx%2FQgkbXl8%2BAmslQ30sgvo5%2BiTz%2Fa2AGXR3PvN7xgpHhyk09n%2BD8oBQkNg8%2F%2BPEGLuFhqKodpBt33zBhawnQSwts7V%2BGBVyErILpIn3E961qlsq8jBNC6dhjr%2BVLty%2BcZPYK8UW5IvqRsyh9QzOp4e%2BF36y3T47LU%2F7RILiWERm1rts0iQ8AYcEjOGb3g%2B%2Bik6hjk9QqKcZio7sKVbZBG5MWsTH2EjYU6fQ3PClJEfrt7H3KzM%2BKFbJc%2BMxZTO7vA%3D%3D", "link_expires": "Tue, 16 Jul 2019 14:27:34 GMT", "project": "5672beecc0261b2005ed1a33"}